#,"Country,Other",TotalCases,NewCases,TotalDeaths,NewDeaths,TotalRecovered,NewRecovered,ActiveCases,"Serious,Critical",Tot Cases/1M pop,Deaths/1M pop,TotalTests,Tests/1M pop,Population,Continent,1 Caseevery X ppl,1 Deathevery X ppl,1 Testevery X ppl,New Cases/1M pop,New Deaths/1M pop,Active Cases/1M pop
1,China,109092,+239,4636,,101868,+82,2588,19,76,3,160000000,111163,1439323776,Asia,13194,310467,9,0.2,,2
2,USA,80567757,+7464,973119,+189,53192990,+155945,26401648,8279,241065,2912,947752321,2835754,334215330,NorthAmerica,4,343,0,22,0.6,78996
3,India,42924130,+8013,513843,+87,42307686,+16765,102601,8944,30606,366,766757518,546724,1402457970,Asia,33,2729,2,6,0.06,73
4,Brazil,28768104,+24054,649195,+206,26183623,+101112,1935286,8318,133768,3019,63776166,296550,215060231,SouthAmerica,7,331,3,112,1.0,8999
5,France,22689332,+42600,138135,+76,20666313,+45900,1884884,2484,346335,2109,246629975,3764619,65512597,Europe,3,474,0,650,1,28771
6,UK,18804765,,161224,,17153253,,1490288,289,274617,2354,480341745,7014719,68476267,Europe,4,425,0,,,21764
7,Russia,16291116,+116093,350927,+769,13458910,+137596,2481279,2300,111554,2403,273400000,1872115,146038047,Europe,9,416,1,795,5,16991
8,Germany,14728752,+95241,123328,+45,10842300,+83800,3763124,2494,174869,1464,104701826,1243085,84227395,Europe,6,683,1,1131,0.5,44678
9,Turkey,14025181,+49792,94232,+206,13289352,+69845,641597,1128,163386,1098,143400825,1670542,85840907,Asia,6,911,1,580,2,7474
10,Italy,12764558,+30629,154560,+144,11487720,+50014,1122278,733,211633,2563,187137866,3102693,60314654,Europe,5,390,0,508,2,18607
11,Spain,10977524,,99410,,9181728,,1696386,1053,234639,2125,471036328,10068158,46784756,Europe,4,471,0,,,36259
12,Argentina,8897178,+3610,126120,+72,8670946,+12878,100112,1156,193914,2749,34235204,746155,45882140,SouthAmerica,5,364,1,79,2,2182
13,Iran,7040467,+9524,136631,+241,6634126,+17493,269710,4049,82084,1593,46780865,545410,85771863,Asia,12,628,2,111,3,3145
14,Netherlands,6332772,+27383,21548,+3,4284149,+83108,2027075,174,368235,1253,21107399,1227343,17197630,Europe,3,798,1,1592,0.2,117869
15,Colombia,6062701,+1908,138693,+95,5888474,+2409,35534,342,117085,2678,33165748,640508,51780399,SouthAmerica,9,373,2,37,2,686
16,Poland,5660490,+8899,111316,+40,5039109,+7572,510065,872,149836,2947,33587230,889069,37777994,Europe,7,339,1,236,1,13502
17,Indonesia,5539394,+34976,148073,+229,4817423,+39384,573898,2911,19904,532,84371793,303158,278310087,Asia,50,1880,3,126,0.8,2062
18,Mexico,5502586,+13459,318014,+331,4764651,+14314,419921,4798,41949,2424,15074996,114923,131174496,NorthAmerica,24,412,9,103,3,3201
19,Japan,4886946,+71254,23270,+259,4114425,+76751,749251,1482,38836,185,38717172,307681,125835531,Asia,26,5408,3,566,2,5954
20,Ukraine,4809624,,105505,,4058020,,646099,177,111080,2437,19521252,450849,43298824,Europe,9,410,2,,,14922
21,SouthAfrica,3673257,+1266,99229,+38,3541730,+1948,32298,546,60669,1639,23071788,381062,60546030,Africa,16,610,3,21,0.6,533
22,Philippines,3661046,+1035,56401,+51,3551650,+1962,52995,298,32690,504,28128384,251159,111994381,Asia,31,1986,4,9,0.5,473
23,Israel,3618445,+4680,10126,+8,3530985,+28044,77334,646,387995,1086,41373364,4436346,9326000,Asia,3,921,0,502,0.9,8292
24,Czechia,3574328,+5589,38592,+12,3435396,+15579,100340,221,332747,3593,52579250,4894796,10741868,Europe,3,278,0,520,1,9341
25,Belgium,3544034,,30121,,2909318,+61207,604595,269,303607,2580,31623639,2709101,11673112,Europe,3,388,0,,,51794
26,Peru,3516264,+3860,210538,+131,,,,1001,104242,6242,27340836,810536,33731811,SouthAmerica,10,160,1,114,4,46990
27,Malaysia,3419636,+24466,32674,+40,3086270,+22710,300692,353,103462,989,49439581,1495804,33052177,Asia,10,1012,1,740,1,9097
28,Vietnam,3321005,+86990,40144,+94,2411912,+35866,868949,3190,33617,406,79078763,800489,98788045,Asia,30,2461,1,881,1.0,8796
29,Canada,3283732,+3037,36537,+15,3131360,+2081,115835,736,85760,954,58032175,1515603,38289824,NorthAmerica,12,1048,1,79,0.4,3025
30,Portugal,3258409,+7107,21039,+38,2784612,+612,452758,102,321105,2073,37805639,3725614,10147493,Europe,3,482,0,700,4,44618
31,Australia,3191964,+18452,5159,+27,2981011,+18087,205794,137,122818,199,63442410,2441080,25989483,Australia/Oceania,8,5038,0,710,1,7918
32,Chile,3041400,+23821,42200,+130,2036367,+29310,962833,1041,156872,2177,32934386,1698719,19387777,SouthAmerica,6,459,1,1229,7,49662
33,S.Korea,2994841,+163558,7944,+49,969524,,2017373,663,58331,155,15804065,307818,51342223,Asia,17,6463,3,3186,1.0,39293
34,Thailand,2869616,+24719,22894,+42,2637879,+16875,208843,687,40942,327,17270775,246409,70089899,Asia,24,3061,4,353,0.6,2980
35,Switzerland,2753342,,13208,,2097844,+41538,642290,142,314331,1508,18563383,2119259,8759376,Europe,3,663,0,,,73326
36,Romania,2728727,+4247,63353,+56,2471902,+18553,193472,946,143427,3330,21014188,1104542,19025254,Europe,7,300,1,223,3,10169
37,Austria,2659532,+23274,14787,+25,2370487,+24865,274258,197,292531,1626,158790421,17465897,9091455,Europe,3,615,0,2560,3,30167
38,Denmark,2618025,+15588,4584,+46,2215299,+36247,398142,45,449372,787,125281483,21503988,5825965,Europe,2,1271,0,2676,8,68339
39,Sweden,2441142,,17107,,2053042,+53894,370993,73,239246,1677,18107257,1774613,10203496,Europe,4,596,1,,,36359
40,Greece,2405401,+8214,25785,+66,2190692,+21361,188924,417,232658,2494,65433870,6328977,10338775,Europe,4,401,0,794,6,18273
41,Iraq,2301590,+945,24975,+15,2241001,+2544,35614,144,55174,599,17960033,430540,41715102,Asia,18,1670,2,23,0.4,854
42,Bangladesh,1942680,+864,29033,+9,1806689,+6264,106958,1275,11605,173,13376734,79907,167404719,Asia,86,5766,13,5,0.05,639
43,Serbia,1908272,+2130,15199,+44,1790931,+12487,102142,110,219869,1751,8740109,1007028,8679112,Europe,5,571,1,245,5,11769
44,Hungary,1779174,,43752,,1566509,,168913,148,184950,4548,10733913,1115821,9619745,Europe,5,220,1,,,17559
45,Jordan,1623474,+6296,13814,+16,1518754,+21122,90906,786,156543,1332,16246059,1566525,10370763,Asia,6,751,1,607,2,8766
46,Georgia,1603007,+4835,16138,+41,1491321,+13840,95548,,403121,4058,15866586,3990097,3976491,Asia,2,246,0,1216,10,24028
47,Pakistan,1508504,+847,30173,+20,1441528,+1236,36803,1113,6617,132,26393595,115768,227986680,Asia,151,7556,9,4,0.09,161
48,Slovakia,1442194,+8264,18453,+40,1222708,+14158,201033,235,263944,3377,6371850,1166147,5464020,Europe,4,296,1,1512,7,36792
49,Kazakhstan,1302059,+351,13592,+13,1266669,+1421,21798,528,67998,710,11575012,604491,19148361,Asia,15,1409,2,18,0.7,1138
50,Ireland,1292212,,6475,,1163170,+10374,122567,48,256949,1288,11317728,2250465,5029061,Europe,4,777,0,,,24372
51,Norway,1231766,+5900,1598,,88952,,1141216,21,224308,291,9852076,1794092,5491401,Europe,4,3436,1,1074,,207819
52,Morocco,1160892,+142,15978,+8,1140157,+464,4757,293,30846,425,11237010,298583,37634516,Africa,32,2355,3,4,0.2,126
53,Bulgaria,1088520,+724,35482,+24,834344,+2458,218694,503,158633,5171,9165927,1335779,6861859,Europe,6,193,1,106,3,31871
54,Cuba,1069387,+630,8494,,1058160,+524,2733,34,94509,751,12920253,1141852,11315172,NorthAmerica,11,1332,1,56,,242
55,Lebanon,1066840,+1533,10079,+10,682977,,373784,186,157471,1488,4795578,707850,6774848,Asia,6,672,1,226,1,55172
56,Croatia,1054596,+1028,15030,+18,1025051,+3105,14515,106,259538,3699,4512457,1110524,4063359,Europe,4,270,1,253,4,3572
57,Tunisia,997754,+666,27773,+30,947817,+1311,22164,222,82985,2310,4341110,361059,12023273,Africa,12,433,3,55,2,1843
58,Nepal,976865,+94,11935,+1,956413,+415,8517,100,32558,398,5416391,180524,30003688,Asia,31,2514,6,3,0.03,284
59,Belarus,917468,+4135,6470,+16,906043,+4975,4955,,97146,685,12427770,1315919,9444178,Europe,10,1460,1,438,2,525
60,Lithuania,900631,+3436,8413,+24,806472,+1706,85746,93,338658,3163,7741924,2911138,2659415,Europe,3,316,0,1292,9,32242
61,Bolivia,893223,+175,21426,+7,787320,+1208,84477,220,74831,1795,2669468,223639,11936484,SouthAmerica,13,557,4,15,0.6,7077
62,Slovenia,891950,+901,6292,+15,841948,+4292,43710,108,428944,3026,2569468,1235671,2079411,Europe,2,330,1,433,7,21020
63,UAE,879368,+622,2301,,832470,+1665,44597,,87168,228,137349003,13614896,10088142,Asia,11,4384,0,62,,4421
64,Uruguay,840511,+2170,6977,+16,809798,+3624,23736,122,240582,1997,5698831,1631194,3493657,SouthAmerica,4,501,1,621,5,6794
65,Ecuador,827760,,35223,,,,,759,45767,1947,2470170,136577,18086299,SouthAmerica,22,513,7,,,19277
66,CostaRica,802472,,7999,,659607,,134866,129,155184,1547,3635922,703123,5171103,NorthAmerica,6,646,1,,,26081
67,Azerbaijan,785301,+1041,9400,+22,764283,+2693,11618,,76314,913,6551104,636621,10290425,Asia,13,1095,2,101,2,1129
68,Guatemala,776262,,16961,,714146,,45155,5,42042,919,3922624,212450,18463756,NorthAmerica,24,1089,5,,,2446
69,Panama,755262,+357,8079,+6,740813,+1089,6370,27,170598,1825,5513584,1245406,4427139,NorthAmerica,6,548,1,81,1,1439
70,SaudiArabia,744374,+632,8996,+2,722468,+995,12910,609,20844,252,40641112,1138060,35710863,Asia,48,3970,1,18,0.06,362
71,Singapore,710880,+14228,1007,+8,650359,+19041,59514,46,119950,170,23141120,3904690,5926493,Asia,8,5885,0,2401,1,10042
72,Latvia,649504,+5427,5230,+7,513598,+7785,130676,76,350765,2824,6703408,3620178,1851679,Europe,3,354,0,2931,4,70572
73,SriLanka,645037,+977,16190,+24,608719,+244,20128,,29916,751,6282076,291351,21561862,Asia,33,1332,3,45,1,934
74,Paraguay,641321,+769,18359,+13,608474,+1203,14488,151,88124,2523,2526622,347182,7277515,SouthAmerica,11,396,3,106,2,1991
75,Finland,637729,,2364,,46000,,589365,39,114803,426,9903704,1782855,5554968,Europe,9,2350,1,,,106097
76,Kuwait,619310,+607,2537,+1,606657,+1788,10116,62,141554,580,7626573,1743191,4375065,Asia,7,1725,1,139,0.2,2312
77,Myanmar,586198,+1959,19365,+5,533395,+1193,33438,,10656,352,7100472,129068,55013516,Asia,94,2841,8,36,0.09,608
78,Palestine,575372,+590,5216,+4,553022,+2645,17134,104,108612,985,3078533,581128,5297513,Asia,9,1016,2,111,0.8,3234
79,DominicanRepublic,574071,,4368,,568031,,1672,40,52056,396,3103088,281384,11027938,NorthAmerica,19,2525,4,,,152
80,Venezuela,514795,+480,5633,+2,502418,+1112,6744,230,18189,199,3359014,118682,28302567,SouthAmerica,55,5024,8,17,0.07,238
81,Bahrain,512306,+2916,1453,+3,485005,+3091,25848,14,284724,808,9385851,5216370,1799307,Asia,4,1238,0,1621,2,14366
82,Moldova,501312,+500,11213,+12,475918,+1431,14181,77,124753,2790,3009636,748956,4018443,Europe,8,358,1,124,3,3529
83,Libya,493548,+1394,6250,+9,461102,+3466,26196,128,70247,890,2419533,344374,7025895,Africa,14,1124,3,198,1,3728
84,Estonia,492149,+4197,2225,+12,366927,+2794,122997,27,370591,1675,3096210,2331462,1328012,Europe,3,597,0,3160,9,92617
85,Egypt,482248,+1521,24040,+48,412161,+1213,46047,122,4570,228,3693367,34999,105526991,Africa,219,4390,29,14,0.5,436
86,Ethiopia,468674,+49,7460,+2,416704,+61,44510,86,3916,62,4501473,37615,119672008,Africa,255,16042,27,0.4,0.02,372
87,Mongolia,464045,+320,2168,+1,313256,,148621,192,137878,644,4030048,1197413,3365629,Asia,7,1552,1,95,0.3,44158
88,Armenia,419693,+270,8449,+16,400840,+1136,10404,,141196,2842,2891784,972875,2972411,Asia,7,352,1,91,5,3500
89,Honduras,411212,,10720,,127663,,272829,105,40453,1055,1263329,124280,10165223,NorthAmerica,25,948,8,,,26839
90,Oman,381381,+563,4242,+4,367204,+4404,9935,57,71670,797,25000000,4698051,5321356,Asia,14,1254,0,106,0.8,1867
91,BosniaandHerzegovina,370652,,15411,,192218,,163023,,114151,4746,1694736,521933,3247038,Europe,9,211,2,,,50207
92,Qatar,356671,+308,668,+1,352553,+807,3450,23,127028,238,3372268,1201034,2807805,Asia,8,4203,1,110,0.4,1229
93,Kenya,322930,+24,5639,,303248,+40,14043,4,5795,101,3368063,60435,55730036,Africa,173,9883,17,0.4,,252
94,Cyprus,320160,+1387,854,+2,124370,,194936,60,262017,699,9477138,7756029,1221906,Asia,4,1431,0,1135,2,159534
95,Zambia,312707,+96,3952,+1,306846,+274,1909,3,16257,205,3268486,169923,19235057,Africa,62,4867,6,5,0.05,99
96,NorthMacedonia,297081,+378,9001,+7,283908,+497,4172,,142606,4321,1889266,906892,2083232,Europe,7,231,1,181,3,2003
97,Réunion,292126,,640,,274185,,17301,40,322475,706,1424291,1572261,905887,Africa,3,1415,1,,,19098
98,Albania,271527,+102,3464,+2,265275,+208,2788,13,94523,1206,1742017,606426,2872595,Europe,11,829,2,36,0.7,971
99,Algeria,264855,+77,6831,+3,177437,+71,80587,14,5865,151,230861,5112,45160878,Africa,171,6611,196,2,0.07,1784
100,Botswana,263950,,2619,,259434,,1897,1,108614,1078,2026898,834060,2430159,Africa,9,928,1,,,781
101,Nigeria,254525,+24,3142,,249013,+20,2370,11,1186,15,4317621,20121,214587291,Africa,843,68296,50,0.1,,11
102,Uzbekistan,236299,+125,1633,+3,232597,+548,2069,23,6895,48,1377915,40206,34271752,Asia,145,20987,25,4,0.09,60
103,Zimbabwe,235975,+172,5394,+1,226069,+196,4512,12,15503,354,2078325,136544,15220902,Africa,65,2822,7,11,0.07,296
104,Montenegro,230120,+109,2676,+2,225847,+210,1597,60,366318,4260,1168531,1860132,628198,Europe,3,235,1,174,3,2542
105,Mozambique,225038,+2,2192,,219321,+1,3525,13,6881,67,1268201,38779,32702989,Africa,145,14919,26,0.06,,108
106,Kyrgyzstan,200478,+20,2956,+2,195056,+138,2466,131,29912,441,1907195,284560,6702266,Asia,33,2267,4,3,0.3,368
107,Luxembourg,181903,,988,,171378,,9537,8,282974,1537,4064929,6323529,642826,Europe,4,651,0,,,14836
108,Afghanistan,173565,+385,7596,+8,155919,+761,10050,1124,4298,188,889889,22039,40378143,Asia,233,5316,45,10,0.2,249
109,HongKong,171314,+26026,659,+82,13232,,157423,16,22548,87,36260319,4772573,7597646,Asia,44,11529,0,3426,11,20720
110,Maldives,169632,+484,297,+1,154246,+618,15089,25,304933,534,2183549,3925178,556293,Asia,3,1873,0,870,2,27124
111,Uganda,163250,+34,3588,+3,99990,+11,59672,56,3392,75,2457240,51056,48128415,Africa,295,13414,20,0.7,0.06,1240
112,Ghana,159124,,1442,,157133,,549,1,4950,45,2305405,71717,32145660,Africa,202,22292,14,,,17
113,Namibia,157210,+17,4007,,152694,+14,509,2,60072,1531,953850,364479,2617022,Africa,17,653,3,6,,194
114,ElSalvador,147786,,4068,+3,123870,,19848,153,22596,622,1693464,258925,6540376,NorthAmerica,44,1608,4,,0.5,3035
115,Laos,142609,+135,621,,7660,,134328,,19142,83,1000342,134270,7450238,Asia,52,11997,7,18,,18030
116,Cambodia,129920,+372,3032,,123353,+476,3535,,7597,177,2859086,167180,17101809,Asia,132,5640,6,22,,207
117,Rwanda,129489,+4,1457,,45522,,82510,1,9604,108,4832169,358388,13483084,Africa,104,9254,3,0.3,,6120
118,Jamaica,127961,+45,2813,+2,76703,+281,48445,25,42903,943,848470,284477,2982561,NorthAmerica,23,1060,4,15,0.7,16243
119,TrinidadandTobago,127404,+470,3622,+5,102045,+1969,21737,18,90551,2574,627706,446134,1406989,NorthAmerica,11,388,2,334,4,15449
120,Guadeloupe,126642,,837,,2250,,123555,19,316418,2091,938039,2343709,400237,NorthAmerica,3,478,0,,,308705
121,Iceland,123373,,61,,75685,,47627,2,357697,177,1742976,5053437,344909,Europe,3,5654,0,,,138086
122,Cameroon,119240,,1923,,117089,,228,13,4314,70,1751774,63382,27638422,Africa,232,14373,16,,,8
123,Martinique,112901,,876,,104,,111921,16,301244,2337,678821,1811237,374783,NorthAmerica,3,428,1,,,298629
124,Angola,98701,,1899,,96622,,180,,2856,55,1424011,41209,34555986,Africa,350,18197,24,,,5
125,NewZealand,86138,+15016,56,,18114,+167,67968,,17220,11,6688455,1337129,5002100,Australia/Oceania,58,89323,1,3002,,13588
126,DRC,85999,,1335,,50930,,33734,,914,14,846704,9002,94061790,Africa,1094,70458,111,,,359
127,Senegal,85676,+10,1960,,83622,+12,94,2,4903,112,1013487,58002,17473411,Africa,204,8915,17,0.6,,5
128,Malawi,85328,+14,2615,+2,75578,+64,7135,67,4278,131,546116,27378,19947226,Africa,234,7628,37,0.7,0.1,358
129,IvoryCoast,81467,,792,,79816,,859,,2967,29,1414287,51507,27458300,Africa,337,34670,19,,,31
130,Suriname,78092,+22,1316,+1,49354,+1,27422,3,131174,2211,228157,383244,595331,SouthAmerica,8,452,3,37,2,46062
131,FrenchGuiana,77652,,391,,11254,,66007,6,249299,1255,591966,1900488,311481,SouthAmerica,4,797,1,,,211913
132,Malta,71235,+56,604,+2,69505,+65,1126,3,160624,1362,1211456,2731648,443489,Europe,6,734,0,126,5,2539
133,Eswatini,69130,+5,1390,,67643,+25,97,11,58583,1178,477146,404346,1180043,Africa,17,849,2,4,,82
134,FrenchPolynesia,65583,,638,,,,,7,231255,2250,,,283596,Australia/Oceania,4,445,,,,110880
135,Fiji,63756,,833,,61890,,1033,,70278,918,496558,547355,907196,Australia/Oceania,14,1089,2,,,1139
136,Madagascar,63659,,1366,,58677,,3616,61,2205,47,398434,13802,28867987,Africa,453,21133,72,,,125
137,Guyana,62891,,1220,,60929,,742,10,79324,1539,538535,679253,792834,SouthAmerica,13,650,1,,,936
138,Sudan,61376,,3901,,40329,,17146,,1348,86,562941,12361,45542220,Africa,742,11674,81,,,376
139,Brunei,59447,+3962,121,+4,31022,+3495,28304,,133766,272,712994,1604354,444412,Asia,7,3673,1,8915,9,63689
140,Mauritania,58632,+3,979,,57602,+5,51,30,12085,202,743798,153306,4851716,Africa,83,4956,7,0.6,,11
141,Belize,56597,,650,,54453,,1494,6,138187,1587,499451,1219458,409568,NorthAmerica,7,630,1,,,3648
142,CaboVerde,55882,+1,401,,55409,+2,72,23,98735,709,400982,708474,565980,Africa,10,1411,1,2,,127
143,Barbados,55031,+129,315,+2,52253,,2463,,191108,1094,584756,2030706,287957,NorthAmerica,5,914,0,448,7,8553
144,Syria,54480,+100,3071,+3,46933,+205,4476,,2993,169,146269,8035,18203608,Asia,334,5928,124,5,0.2,246
145,NewCaledonia,53007,,299,,42318,,10390,35,182758,1031,98964,341208,290040,Australia/Oceania,5,970,3,,,35823
146,ChannelIslands,50384,,143,,47633,,2608,,285437,810,1207943,6843288,176515,Europe,4,1234,0,,,14775
147,Gabon,47534,+14,303,,46155,+412,1076,1,20555,131,1569625,678734,2312576,Africa,49,7632,1,6,,465
148,PapuaNewGuinea,41038,,638,,38856,,1544,7,4447,69,249149,27001,9227358,Australia/Oceania,225,14463,37,,,167
149,Seychelles,39181,,160,,38481,,540,,394354,1610,,,99355,Africa,3,621,,,,5435
150,Curaçao,38933,+18,261,,38352,+46,320,3,235666,1580,492011,2978203,165204,NorthAmerica,4,633,0,109,,1937
151,Burundi,38063,,38,,773,,37252,,3051,3,345742,27712,12476142,Africa,328,328320,36,,,2986
152,Andorra,37999,,151,,37135,,713,14,490500,1949,249838,3224965,77470,Europe,2,513,0,,,9204
153,Togo,36798,,272,,36410,,116,,4279,32,689248,80149,8599568,Africa,234,31616,12,,,13
154,Mayotte,36662,,187,,2964,,33511,,129229,659,176919,623615,283699,Africa,8,1517,2,,,118122
155,Guinea,36393,,440,,32939,,3014,49,2652,32,587607,42823,13721693,Africa,377,31186,23,,,220
156,FaeroeIslands,34237,+2193,28,+4,7693,,26516,5,696299,569,778000,15822656,49170,Europe,1,1756,0,44600,81,539272
157,Aruba,33676,,211,,33406,,59,6,313218,1962,177885,1654498,107516,NorthAmerica,3,510,1,,,549
158,Tanzania,33620,,798,,,,,7,538,13,,,62546742,Africa,1860,78379,,,,522
159,Bahamas,33129,+21,771,,26221,+24,6137,9,82934,1930,220066,550905,399463,NorthAmerica,12,518,2,53,,15363
160,Lesotho,32612,,696,,23343,,8573,,15026,321,398053,183404,2170356,Africa,67,3118,5,,,3950
161,Mauritius,30858,,786,,27008,,3064,,24197,616,358675,281256,1275261,Africa,41,1622,4,,,2403
162,Mali,30378,+7,722,,29470,+19,186,,1432,34,620934,29269,21215000,Africa,698,29384,34,0.3,,9
163,Haiti,30342,+2,820,,25210,+2,4312,,2608,70,132422,11384,11632543,NorthAmerica,383,14186,88,0.2,,371
164,Benin,26567,,163,,25506,,898,5,2100,13,604310,47778,12648180,Africa,476,77596,21,,,71
165,Somalia,26313,,1348,,13182,,11783,,1583,81,400466,24086,16626216,Africa,632,12334,42,,,709
166,Congo,23967,,378,,20178,,3411,,4174,66,347815,60567,5742662,Africa,240,15192,17,,,594
167,Timor-Leste,22668,+19,128,,22008,+66,532,9,16668,94,248770,182922,1359981,Asia,60,10625,5,14,,391
168,SaintLucia,22667,+18,358,,22092,+112,217,4,122514,1935,135214,730823,185016,NorthAmerica,8,517,1,97,,1173
169,IsleofMan,22660,,79,,22227,,354,,264170,921,150753,1757479,85778,Europe,4,1086,1,,,4127
170,BurkinaFaso,20751,,375,,20309,,67,,950,17,248995,11395,21850832,Africa,1053,58269,88,,,3
171,Taiwan,20433,+60,853,,18338,+48,1242,,855,36,11566532,484196,23888131,Asia,1169,28005,2,3,,52
172,CaymanIslands,19373,,17,,8553,,10803,2,289154,254,222773,3325020,66999,NorthAmerica,3,3941,0,,,161241
173,Nicaragua,18004,,220,,4225,,13559,,2665,33,,,6754976,NorthAmerica,375,30704,,,,2007
174,Tajikistan,17388,,124,,17263,,1,,1758,13,,,9891902,Asia,569,79773,,,,0.1
175,SouthSudan,16955,,137,,13250,,3568,1,1486,12,338083,29628,11410893,Africa,673,83291,34,,,313
176,EquatorialGuinea,15877,,182,,15653,,42,5,10734,123,273437,184860,1479157,Africa,93,8127,5,,,28
177,Djibouti,15547,,189,,15352,,6,,15366,187,284842,281528,1011772,Africa,65,5353,4,,,6
178,Gibraltar,15313,,101,,14599,,613,10,454743,2999,513118,15237810,33674,Europe,2,333,0,,,18204
179,SanMarino,14207,,112,,13703,,392,4,417252,3289,134668,3955123,34049,Europe,2,304,0,,,11513
180,CAR,14187,,113,,6859,,7215,2,2855,23,81294,16361,4968679,Africa,350,43971,61,,,1452
181,Grenada,13679,+18,216,+2,13258,+40,205,4,120641,1905,136411,1203067,113386,NorthAmerica,8,525,1,159,18,1808
182,Bhutan,12194,+374,6,,7910,+250,4278,,15521,8,1975337,2514213,785668,Asia,64,130945,0,476,,5445
183,Gambia,11924,,365,,11461,,98,4,4715,144,135608,53623,2528901,Africa,212,6928,19,,,39
184,Liechtenstein,11908,+156,78,,11187,,643,7,310841,2036,80413,2099063,38309,Europe,3,491,0,4072,,16785
185,Yemen,11769,+9,2134,+1,8689,+1,946,23,381,69,265253,8581,30912295,Asia,2627,14486,117,0.3,0.03,31
186,Greenland,11715,,16,,2761,,8938,9,205768,281,164926,2896844,56933,NorthAmerica,5,3558,0,,,156992
187,Bermuda,11490,,123,,11150,,217,,185631,1987,795082,12845243,61897,NorthAmerica,5,503,0,,,3506
188,Dominica,11016,,57,,10563,,396,,152403,789,165338,2287402,72282,NorthAmerica,7,1268,0,,,5479
189,SaintMartin,9877,,63,,1399,,8415,7,248434,1585,78366,1971125,39757,NorthAmerica,4,631,1,,,211661
190,Eritrea,9700,,103,,9593,,4,,2674,28,23693,6531,3627634,Africa,374,35220,153,,,1
191,SintMaarten,9548,,85,,9420,,43,10,218585,1946,62056,1420663,43681,NorthAmerica,5,514,1,,,984
192,Monaco,9377,+2,51,,9140,+20,186,4,236185,1285,54960,1384313,39702,Europe,4,778,1,50,,4685
193,Niger,8751,+5,307,+1,8432,+13,12,1,341,12,228471,8906,25654408,Africa,2932,83565,112,0.2,0.04,0.5
194,Comoros,8033,+1,160,,7855,+2,18,,8923,178,,,900236,Africa,112,5626,,1,,20
195,Guinea-Bissau,8001,+16,167,+1,6978,+1,856,6,3913,82,123632,60458,2044914,Africa,256,12245,17,8,0.5,419
196,SierraLeone,7665,,125,,,,,,930,15,259958,31528,8245280,Africa,1076,65962,32,,,331
197,CaribbeanNetherlands,7564,,31,,7444,,89,,284083,1164,30126,1131450,26626,NorthAmerica,4,859,1,,,3343
198,AntiguaandBarbuda,7437,,135,,7253,,49,1,74916,1360,18901,190398,99271,NorthAmerica,13,735,5,,,494
199,Liberia,7360,,290,,5747,,1323,2,1401,55,139824,26612,5254248,Africa,714,18118,38,,,252
200,Chad,7246,,190,,4874,,2182,,421,11,191341,11121,17204990,Africa,2374,90553,90,,,127
201,SolomonIslands,6937,+124,96,+3,1732,,5109,4,9706,134,5117,7159,714735,Australia/Oceania,103,7445,140,173,4,7148
202,St.VincentGrenadines,6739,,106,,6591,,42,,60427,950,98160,880177,111523,NorthAmerica,17,1052,1,,,377
203,BritishVirginIslands,6074,,62,,,,,6,198731,2029,99936,3269729,30564,NorthAmerica,5,493,0,,,3043
204,SaoTomeandPrincipe,5934,+1,72,,5852,+1,10,,26269,319,29036,128540,225891,Africa,38,3137,8,4,,44
205,TurksandCaicos,5867,+7,36,,5787,,44,4,148216,909,419792,10605093,39584,NorthAmerica,7,1100,0,177,,1112
206,SaintKittsandNevis,5530,,42,,5480,+7,8,1,102746,780,65141,1210304,53822,NorthAmerica,10,1281,1,,,149
207,St.Barth,3758,,6,,,,,,378564,604,56491,5690642,9927,NorthAmerica,3,1655,0,,,331419
208,Palau,3726,,6,,2942,,778,10,204310,329,36384,1995065,18237,Australia/Oceania,5,3040,1,,,42661
209,Kiribati,2914,+10,11,,2051,+89,852,4,23791,90,,,122481,Australia/Oceania,42,11135,,82,,6956
210,Anguilla,2528,,9,,2506,,13,4,166043,591,51382,3374844,15225,NorthAmerica,6,1692,0,,,854
211,SaintPierreMiquelon,1070,,1,,1049,,20,1,186184,174,17358,3020358,5747,NorthAmerica,5,5747,0,,,3480
212,DiamondPrincess,712,,13,,699,,0,,,,,,,,,,,,,
213,WallisandFutuna,454,,7,,438,,9,,41602,641,20508,1879227,10913,Australia/Oceania,24,1559,1,,,825
214,Tonga,355,,,,177,,178,,3297,,,,107677,Australia/Oceania,303,,,,,1653
215,Montserrat,163,,2,,161,,0,,32620,400,7796,1560136,4997,NorthAmerica,31,2499,1,,,
216,FalklandIslands,109,,,,,,,,29888,,8632,2366877,3647,SouthAmerica,33,,0,,,6581
217,Macao,81,+1,,,79,,2,,122,,5318,8009,663981,Asia,8197,,125,2,,3
218,Samoa,33,,,,3,,30,,165,,,,200596,Australia/Oceania,6079,,,,,150
219,VaticanCity,29,,,,28,,1,,36070,,,,804,Europe,28,,,,,1244
220,CookIslands,25,+15,,,4,+1,21,,1421,,1309,74413,17591,Australia/Oceania,704,,13,853,,1194
221,Vanuatu,18,,1,,6,,11,,56,3,23000,72097,319013,Australia/Oceania,17723,319013,14,,,34
222,WesternSahara,10,,1,,8,,1,,16,2,,,621622,Africa,62162,621622,,,,2
223,MSZaandam,9,,2,,7,,0,,,,,,,,,,,,,
224,MarshallIslands,7,,,,7,,0,,117,,,,59851,Australia/Oceania,8550,,,,,
225,SaintHelena,2,,,,2,,0,,327,,,,6107,Africa,3054,,,,,
226,Micronesia,1,,,,1,,0,,9,,,,117018,Australia/Oceania,117018,,,,,
