"Country,Other",Continent,TotalCases,NewCases,TotalDeaths,TotalRecovered,ActiveCases,"Serious,Critical",Tot Cases/1M pop,Deaths/1M pop,TotalTests,Tests/1M pop,Population,New Cases/1M pop,Active Cases/1M pop
China,Asia,109092,239.0,4636.0,101868.0,2588.0,19.0,76.0,3.0,160000000.0,111163.0,1439323776.0,0.2,2.0
USA,NorthAmerica,80567757,7464.0,973119.0,53192990.0,26401648.0,8279.0,241065.0,2912.0,947752321.0,2835754.0,334215330.0,22.0,78996.0
India,Asia,42924130,8013.0,513843.0,42307686.0,102601.0,8944.0,30606.0,366.0,766757518.0,546724.0,1402457970.0,6.0,73.0
Brazil,SouthAmerica,28768104,24054.0,649195.0,26183623.0,1935286.0,8318.0,133768.0,3019.0,63776166.0,296550.0,215060231.0,112.0,8999.0
France,Europe,22689332,42600.0,138135.0,20666313.0,1884884.0,2484.0,346335.0,2109.0,246629975.0,3764619.0,65512597.0,650.0,28771.0
UK,Europe,18804765,-1.0,161224.0,17153253.0,1490288.0,289.0,274617.0,2354.0,480341745.0,7014719.0,68476267.0,-1.0,21764.0
Russia,Europe,16291116,116093.0,350927.0,13458910.0,2481279.0,2300.0,111554.0,2403.0,273400000.0,1872115.0,146038047.0,795.0,16991.0
Germany,Europe,14728752,95241.0,123328.0,10842300.0,3763124.0,2494.0,174869.0,1464.0,104701826.0,1243085.0,84227395.0,1131.0,44678.0
Turkey,Asia,14025181,49792.0,94232.0,13289352.0,641597.0,1128.0,163386.0,1098.0,143400825.0,1670542.0,85840907.0,580.0,7474.0
Italy,Europe,12764558,30629.0,154560.0,11487720.0,1122278.0,733.0,211633.0,2563.0,187137866.0,3102693.0,60314654.0,508.0,18607.0
Spain,Europe,10977524,-1.0,99410.0,9181728.0,1696386.0,1053.0,234639.0,2125.0,471036328.0,10068158.0,46784756.0,-1.0,36259.0
Argentina,SouthAmerica,8897178,3610.0,126120.0,8670946.0,100112.0,1156.0,193914.0,2749.0,34235204.0,746155.0,45882140.0,79.0,2182.0
Iran,Asia,7040467,9524.0,136631.0,6634126.0,269710.0,4049.0,82084.0,1593.0,46780865.0,545410.0,85771863.0,111.0,3145.0
Netherlands,Europe,6332772,27383.0,21548.0,4284149.0,2027075.0,174.0,368235.0,1253.0,21107399.0,1227343.0,17197630.0,1592.0,117869.0
Colombia,SouthAmerica,6062701,1908.0,138693.0,5888474.0,35534.0,342.0,117085.0,2678.0,33165748.0,640508.0,51780399.0,37.0,686.0
Poland,Europe,5660490,8899.0,111316.0,5039109.0,510065.0,872.0,149836.0,2947.0,33587230.0,889069.0,37777994.0,236.0,13502.0
Indonesia,Asia,5539394,34976.0,148073.0,4817423.0,573898.0,2911.0,19904.0,532.0,84371793.0,303158.0,278310087.0,126.0,2062.0
Mexico,NorthAmerica,5502586,13459.0,318014.0,4764651.0,419921.0,4798.0,41949.0,2424.0,15074996.0,114923.0,131174496.0,103.0,3201.0
Japan,Asia,4886946,71254.0,23270.0,4114425.0,749251.0,1482.0,38836.0,185.0,38717172.0,307681.0,125835531.0,566.0,5954.0
Ukraine,Europe,4809624,-1.0,105505.0,4058020.0,646099.0,177.0,111080.0,2437.0,19521252.0,450849.0,43298824.0,-1.0,14922.0
SouthAfrica,Africa,3673257,1266.0,99229.0,3541730.0,32298.0,546.0,60669.0,1639.0,23071788.0,381062.0,60546030.0,21.0,533.0
Philippines,Asia,3661046,1035.0,56401.0,3551650.0,52995.0,298.0,32690.0,504.0,28128384.0,251159.0,111994381.0,9.0,473.0
Israel,Asia,3618445,4680.0,10126.0,3530985.0,77334.0,646.0,387995.0,1086.0,41373364.0,4436346.0,9326000.0,502.0,8292.0
Czechia,Europe,3574328,5589.0,38592.0,3435396.0,100340.0,221.0,332747.0,3593.0,52579250.0,4894796.0,10741868.0,520.0,9341.0
Belgium,Europe,3544034,-1.0,30121.0,2909318.0,604595.0,269.0,303607.0,2580.0,31623639.0,2709101.0,11673112.0,-1.0,51794.0
Peru,SouthAmerica,3516264,3860.0,210538.0,-1.0,-1.0,1001.0,104242.0,6242.0,27340836.0,810536.0,33731811.0,114.0,46990.0
Malaysia,Asia,3419636,24466.0,32674.0,3086270.0,300692.0,353.0,103462.0,989.0,49439581.0,1495804.0,33052177.0,740.0,9097.0
Vietnam,Asia,3321005,86990.0,40144.0,2411912.0,868949.0,3190.0,33617.0,406.0,79078763.0,800489.0,98788045.0,881.0,8796.0
Canada,NorthAmerica,3283732,3037.0,36537.0,3131360.0,115835.0,736.0,85760.0,954.0,58032175.0,1515603.0,38289824.0,79.0,3025.0
Portugal,Europe,3258409,7107.0,21039.0,2784612.0,452758.0,102.0,321105.0,2073.0,37805639.0,3725614.0,10147493.0,700.0,44618.0
Australia,Australia/Oceania,3191964,18452.0,5159.0,2981011.0,205794.0,137.0,122818.0,199.0,63442410.0,2441080.0,25989483.0,710.0,7918.0
Chile,SouthAmerica,3041400,23821.0,42200.0,2036367.0,962833.0,1041.0,156872.0,2177.0,32934386.0,1698719.0,19387777.0,1229.0,49662.0
S.Korea,Asia,2994841,163558.0,7944.0,969524.0,2017373.0,663.0,58331.0,155.0,15804065.0,307818.0,51342223.0,3186.0,39293.0
Thailand,Asia,2869616,24719.0,22894.0,2637879.0,208843.0,687.0,40942.0,327.0,17270775.0,246409.0,70089899.0,353.0,2980.0
Switzerland,Europe,2753342,-1.0,13208.0,2097844.0,642290.0,142.0,314331.0,1508.0,18563383.0,2119259.0,8759376.0,-1.0,73326.0
Romania,Europe,2728727,4247.0,63353.0,2471902.0,193472.0,946.0,143427.0,3330.0,21014188.0,1104542.0,19025254.0,223.0,10169.0
Austria,Europe,2659532,23274.0,14787.0,2370487.0,274258.0,197.0,292531.0,1626.0,158790421.0,17465897.0,9091455.0,2560.0,30167.0
Denmark,Europe,2618025,15588.0,4584.0,2215299.0,398142.0,45.0,449372.0,787.0,125281483.0,21503988.0,5825965.0,2676.0,68339.0
Sweden,Europe,2441142,-1.0,17107.0,2053042.0,370993.0,73.0,239246.0,1677.0,18107257.0,1774613.0,10203496.0,-1.0,36359.0
Greece,Europe,2405401,8214.0,25785.0,2190692.0,188924.0,417.0,232658.0,2494.0,65433870.0,6328977.0,10338775.0,794.0,18273.0
Iraq,Asia,2301590,945.0,24975.0,2241001.0,35614.0,144.0,55174.0,599.0,17960033.0,430540.0,41715102.0,23.0,854.0
Bangladesh,Asia,1942680,864.0,29033.0,1806689.0,106958.0,1275.0,11605.0,173.0,13376734.0,79907.0,167404719.0,5.0,639.0
Serbia,Europe,1908272,2130.0,15199.0,1790931.0,102142.0,110.0,219869.0,1751.0,8740109.0,1007028.0,8679112.0,245.0,11769.0
Hungary,Europe,1779174,-1.0,43752.0,1566509.0,168913.0,148.0,184950.0,4548.0,10733913.0,1115821.0,9619745.0,-1.0,17559.0
Jordan,Asia,1623474,6296.0,13814.0,1518754.0,90906.0,786.0,156543.0,1332.0,16246059.0,1566525.0,10370763.0,607.0,8766.0
Georgia,Asia,1603007,4835.0,16138.0,1491321.0,95548.0,-1.0,403121.0,4058.0,15866586.0,3990097.0,3976491.0,1216.0,24028.0
Pakistan,Asia,1508504,847.0,30173.0,1441528.0,36803.0,1113.0,6617.0,132.0,26393595.0,115768.0,227986680.0,4.0,161.0
Slovakia,Europe,1442194,8264.0,18453.0,1222708.0,201033.0,235.0,263944.0,3377.0,6371850.0,1166147.0,5464020.0,1512.0,36792.0
Kazakhstan,Asia,1302059,351.0,13592.0,1266669.0,21798.0,528.0,67998.0,710.0,11575012.0,604491.0,19148361.0,18.0,1138.0
Ireland,Europe,1292212,-1.0,6475.0,1163170.0,122567.0,48.0,256949.0,1288.0,11317728.0,2250465.0,5029061.0,-1.0,24372.0
Norway,Europe,1231766,5900.0,1598.0,88952.0,1141216.0,21.0,224308.0,291.0,9852076.0,1794092.0,5491401.0,1074.0,207819.0
Morocco,Africa,1160892,142.0,15978.0,1140157.0,4757.0,293.0,30846.0,425.0,11237010.0,298583.0,37634516.0,4.0,126.0
Bulgaria,Europe,1088520,724.0,35482.0,834344.0,218694.0,503.0,158633.0,5171.0,9165927.0,1335779.0,6861859.0,106.0,31871.0
Cuba,NorthAmerica,1069387,630.0,8494.0,1058160.0,2733.0,34.0,94509.0,751.0,12920253.0,1141852.0,11315172.0,56.0,242.0
Lebanon,Asia,1066840,1533.0,10079.0,682977.0,373784.0,186.0,157471.0,1488.0,4795578.0,707850.0,6774848.0,226.0,55172.0
Croatia,Europe,1054596,1028.0,15030.0,1025051.0,14515.0,106.0,259538.0,3699.0,4512457.0,1110524.0,4063359.0,253.0,3572.0
Tunisia,Africa,997754,666.0,27773.0,947817.0,22164.0,222.0,82985.0,2310.0,4341110.0,361059.0,12023273.0,55.0,1843.0
Nepal,Asia,976865,94.0,11935.0,956413.0,8517.0,100.0,32558.0,398.0,5416391.0,180524.0,30003688.0,3.0,284.0
Belarus,Europe,917468,4135.0,6470.0,906043.0,4955.0,-1.0,97146.0,685.0,12427770.0,1315919.0,9444178.0,438.0,525.0
Lithuania,Europe,900631,3436.0,8413.0,806472.0,85746.0,93.0,338658.0,3163.0,7741924.0,2911138.0,2659415.0,1292.0,32242.0
Bolivia,SouthAmerica,893223,175.0,21426.0,787320.0,84477.0,220.0,74831.0,1795.0,2669468.0,223639.0,11936484.0,15.0,7077.0
Slovenia,Europe,891950,901.0,6292.0,841948.0,43710.0,108.0,428944.0,3026.0,2569468.0,1235671.0,2079411.0,433.0,21020.0
UAE,Asia,879368,622.0,2301.0,832470.0,44597.0,-1.0,87168.0,228.0,137349003.0,13614896.0,10088142.0,62.0,4421.0
Uruguay,SouthAmerica,840511,2170.0,6977.0,809798.0,23736.0,122.0,240582.0,1997.0,5698831.0,1631194.0,3493657.0,621.0,6794.0
Ecuador,SouthAmerica,827760,-1.0,35223.0,-1.0,-1.0,759.0,45767.0,1947.0,2470170.0,136577.0,18086299.0,-1.0,19277.0
CostaRica,NorthAmerica,802472,-1.0,7999.0,659607.0,134866.0,129.0,155184.0,1547.0,3635922.0,703123.0,5171103.0,-1.0,26081.0
Azerbaijan,Asia,785301,1041.0,9400.0,764283.0,11618.0,-1.0,76314.0,913.0,6551104.0,636621.0,10290425.0,101.0,1129.0
Guatemala,NorthAmerica,776262,-1.0,16961.0,714146.0,45155.0,5.0,42042.0,919.0,3922624.0,212450.0,18463756.0,-1.0,2446.0
Panama,NorthAmerica,755262,357.0,8079.0,740813.0,6370.0,27.0,170598.0,1825.0,5513584.0,1245406.0,4427139.0,81.0,1439.0
SaudiArabia,Asia,744374,632.0,8996.0,722468.0,12910.0,609.0,20844.0,252.0,40641112.0,1138060.0,35710863.0,18.0,362.0
Singapore,Asia,710880,14228.0,1007.0,650359.0,59514.0,46.0,119950.0,170.0,23141120.0,3904690.0,5926493.0,2401.0,10042.0
Latvia,Europe,649504,5427.0,5230.0,513598.0,130676.0,76.0,350765.0,2824.0,6703408.0,3620178.0,1851679.0,2931.0,70572.0
SriLanka,Asia,645037,977.0,16190.0,608719.0,20128.0,-1.0,29916.0,751.0,6282076.0,291351.0,21561862.0,45.0,934.0
Paraguay,SouthAmerica,641321,769.0,18359.0,608474.0,14488.0,151.0,88124.0,2523.0,2526622.0,347182.0,7277515.0,106.0,1991.0
Finland,Europe,637729,-1.0,2364.0,46000.0,589365.0,39.0,114803.0,426.0,9903704.0,1782855.0,5554968.0,-1.0,106097.0
Kuwait,Asia,619310,607.0,2537.0,606657.0,10116.0,62.0,141554.0,580.0,7626573.0,1743191.0,4375065.0,139.0,2312.0
Myanmar,Asia,586198,1959.0,19365.0,533395.0,33438.0,-1.0,10656.0,352.0,7100472.0,129068.0,55013516.0,36.0,608.0
Palestine,Asia,575372,590.0,5216.0,553022.0,17134.0,104.0,108612.0,985.0,3078533.0,581128.0,5297513.0,111.0,3234.0
DominicanRepublic,NorthAmerica,574071,-1.0,4368.0,568031.0,1672.0,40.0,52056.0,396.0,3103088.0,281384.0,11027938.0,-1.0,152.0
Venezuela,SouthAmerica,514795,480.0,5633.0,502418.0,6744.0,230.0,18189.0,199.0,3359014.0,118682.0,28302567.0,17.0,238.0
Bahrain,Asia,512306,2916.0,1453.0,485005.0,25848.0,14.0,284724.0,808.0,9385851.0,5216370.0,1799307.0,1621.0,14366.0
Moldova,Europe,501312,500.0,11213.0,475918.0,14181.0,77.0,124753.0,2790.0,3009636.0,748956.0,4018443.0,124.0,3529.0
Libya,Africa,493548,1394.0,6250.0,461102.0,26196.0,128.0,70247.0,890.0,2419533.0,344374.0,7025895.0,198.0,3728.0
Estonia,Europe,492149,4197.0,2225.0,366927.0,122997.0,27.0,370591.0,1675.0,3096210.0,2331462.0,1328012.0,3160.0,92617.0
Egypt,Africa,482248,1521.0,24040.0,412161.0,46047.0,122.0,4570.0,228.0,3693367.0,34999.0,105526991.0,14.0,436.0
Ethiopia,Africa,468674,49.0,7460.0,416704.0,44510.0,86.0,3916.0,62.0,4501473.0,37615.0,119672008.0,0.4,372.0
Mongolia,Asia,464045,320.0,2168.0,313256.0,148621.0,192.0,137878.0,644.0,4030048.0,1197413.0,3365629.0,95.0,44158.0
Armenia,Asia,419693,270.0,8449.0,400840.0,10404.0,-1.0,141196.0,2842.0,2891784.0,972875.0,2972411.0,91.0,3500.0
Honduras,NorthAmerica,411212,-1.0,10720.0,127663.0,272829.0,105.0,40453.0,1055.0,1263329.0,124280.0,10165223.0,-1.0,26839.0
Oman,Asia,381381,563.0,4242.0,367204.0,9935.0,57.0,71670.0,797.0,25000000.0,4698051.0,5321356.0,106.0,1867.0
BosniaandHerzegovina,Europe,370652,-1.0,15411.0,192218.0,163023.0,-1.0,114151.0,4746.0,1694736.0,521933.0,3247038.0,-1.0,50207.0
Qatar,Asia,356671,308.0,668.0,352553.0,3450.0,23.0,127028.0,238.0,3372268.0,1201034.0,2807805.0,110.0,1229.0
Kenya,Africa,322930,24.0,5639.0,303248.0,14043.0,4.0,5795.0,101.0,3368063.0,60435.0,55730036.0,0.4,252.0
Cyprus,Asia,320160,1387.0,854.0,124370.0,194936.0,60.0,262017.0,699.0,9477138.0,7756029.0,1221906.0,1135.0,159534.0
Zambia,Africa,312707,96.0,3952.0,306846.0,1909.0,3.0,16257.0,205.0,3268486.0,169923.0,19235057.0,5.0,99.0
NorthMacedonia,Europe,297081,378.0,9001.0,283908.0,4172.0,-1.0,142606.0,4321.0,1889266.0,906892.0,2083232.0,181.0,2003.0
Réunion,Africa,292126,-1.0,640.0,274185.0,17301.0,40.0,322475.0,706.0,1424291.0,1572261.0,905887.0,-1.0,19098.0
Albania,Europe,271527,102.0,3464.0,265275.0,2788.0,13.0,94523.0,1206.0,1742017.0,606426.0,2872595.0,36.0,971.0
Algeria,Africa,264855,77.0,6831.0,177437.0,80587.0,14.0,5865.0,151.0,230861.0,5112.0,45160878.0,2.0,1784.0
Botswana,Africa,263950,-1.0,2619.0,259434.0,1897.0,1.0,108614.0,1078.0,2026898.0,834060.0,2430159.0,-1.0,781.0
Nigeria,Africa,254525,24.0,3142.0,249013.0,2370.0,11.0,1186.0,15.0,4317621.0,20121.0,214587291.0,0.1,11.0
Uzbekistan,Asia,236299,125.0,1633.0,232597.0,2069.0,23.0,6895.0,48.0,1377915.0,40206.0,34271752.0,4.0,60.0
Zimbabwe,Africa,235975,172.0,5394.0,226069.0,4512.0,12.0,15503.0,354.0,2078325.0,136544.0,15220902.0,11.0,296.0
Montenegro,Europe,230120,109.0,2676.0,225847.0,1597.0,60.0,366318.0,4260.0,1168531.0,1860132.0,628198.0,174.0,2542.0
Mozambique,Africa,225038,2.0,2192.0,219321.0,3525.0,13.0,6881.0,67.0,1268201.0,38779.0,32702989.0,0.06,108.0
Kyrgyzstan,Asia,200478,20.0,2956.0,195056.0,2466.0,131.0,29912.0,441.0,1907195.0,284560.0,6702266.0,3.0,368.0
Luxembourg,Europe,181903,-1.0,988.0,171378.0,9537.0,8.0,282974.0,1537.0,4064929.0,6323529.0,642826.0,-1.0,14836.0
Afghanistan,Asia,173565,385.0,7596.0,155919.0,10050.0,1124.0,4298.0,188.0,889889.0,22039.0,40378143.0,10.0,249.0
HongKong,Asia,171314,26026.0,659.0,13232.0,157423.0,16.0,22548.0,87.0,36260319.0,4772573.0,7597646.0,3426.0,20720.0
Maldives,Asia,169632,484.0,297.0,154246.0,15089.0,25.0,304933.0,534.0,2183549.0,3925178.0,556293.0,870.0,27124.0
Uganda,Africa,163250,34.0,3588.0,99990.0,59672.0,56.0,3392.0,75.0,2457240.0,51056.0,48128415.0,0.7,1240.0
Ghana,Africa,159124,-1.0,1442.0,157133.0,549.0,1.0,4950.0,45.0,2305405.0,71717.0,32145660.0,-1.0,17.0
Namibia,Africa,157210,17.0,4007.0,152694.0,509.0,2.0,60072.0,1531.0,953850.0,364479.0,2617022.0,6.0,194.0
ElSalvador,NorthAmerica,147786,-1.0,4068.0,123870.0,19848.0,153.0,22596.0,622.0,1693464.0,258925.0,6540376.0,-1.0,3035.0
Laos,Asia,142609,135.0,621.0,7660.0,134328.0,-1.0,19142.0,83.0,1000342.0,134270.0,7450238.0,18.0,18030.0
Cambodia,Asia,129920,372.0,3032.0,123353.0,3535.0,-1.0,7597.0,177.0,2859086.0,167180.0,17101809.0,22.0,207.0
Rwanda,Africa,129489,4.0,1457.0,45522.0,82510.0,1.0,9604.0,108.0,4832169.0,358388.0,13483084.0,0.3,6120.0
Jamaica,NorthAmerica,127961,45.0,2813.0,76703.0,48445.0,25.0,42903.0,943.0,848470.0,284477.0,2982561.0,15.0,16243.0
TrinidadandTobago,NorthAmerica,127404,470.0,3622.0,102045.0,21737.0,18.0,90551.0,2574.0,627706.0,446134.0,1406989.0,334.0,15449.0
Guadeloupe,NorthAmerica,126642,-1.0,837.0,2250.0,123555.0,19.0,316418.0,2091.0,938039.0,2343709.0,400237.0,-1.0,308705.0
Iceland,Europe,123373,-1.0,61.0,75685.0,47627.0,2.0,357697.0,177.0,1742976.0,5053437.0,344909.0,-1.0,138086.0
Cameroon,Africa,119240,-1.0,1923.0,117089.0,228.0,13.0,4314.0,70.0,1751774.0,63382.0,27638422.0,-1.0,8.0
Martinique,NorthAmerica,112901,-1.0,876.0,104.0,111921.0,16.0,301244.0,2337.0,678821.0,1811237.0,374783.0,-1.0,298629.0
Angola,Africa,98701,-1.0,1899.0,96622.0,180.0,-1.0,2856.0,55.0,1424011.0,41209.0,34555986.0,-1.0,5.0
NewZealand,Australia/Oceania,86138,15016.0,56.0,18114.0,67968.0,-1.0,17220.0,11.0,6688455.0,1337129.0,5002100.0,3002.0,13588.0
DRC,Africa,85999,-1.0,1335.0,50930.0,33734.0,-1.0,914.0,14.0,846704.0,9002.0,94061790.0,-1.0,359.0
Senegal,Africa,85676,10.0,1960.0,83622.0,94.0,2.0,4903.0,112.0,1013487.0,58002.0,17473411.0,0.6,5.0
Malawi,Africa,85328,14.0,2615.0,75578.0,7135.0,67.0,4278.0,131.0,546116.0,27378.0,19947226.0,0.7,358.0
IvoryCoast,Africa,81467,-1.0,792.0,79816.0,859.0,-1.0,2967.0,29.0,1414287.0,51507.0,27458300.0,-1.0,31.0
Suriname,SouthAmerica,78092,22.0,1316.0,49354.0,27422.0,3.0,131174.0,2211.0,228157.0,383244.0,595331.0,37.0,46062.0
FrenchGuiana,SouthAmerica,77652,-1.0,391.0,11254.0,66007.0,6.0,249299.0,1255.0,591966.0,1900488.0,311481.0,-1.0,211913.0
Malta,Europe,71235,56.0,604.0,69505.0,1126.0,3.0,160624.0,1362.0,1211456.0,2731648.0,443489.0,126.0,2539.0
Eswatini,Africa,69130,5.0,1390.0,67643.0,97.0,11.0,58583.0,1178.0,477146.0,404346.0,1180043.0,4.0,82.0
FrenchPolynesia,Australia/Oceania,65583,-1.0,638.0,-1.0,-1.0,7.0,231255.0,2250.0,-1.0,-1.0,283596.0,-1.0,110880.0
Fiji,Australia/Oceania,63756,-1.0,833.0,61890.0,1033.0,-1.0,70278.0,918.0,496558.0,547355.0,907196.0,-1.0,1139.0
Madagascar,Africa,63659,-1.0,1366.0,58677.0,3616.0,61.0,2205.0,47.0,398434.0,13802.0,28867987.0,-1.0,125.0
Guyana,SouthAmerica,62891,-1.0,1220.0,60929.0,742.0,10.0,79324.0,1539.0,538535.0,679253.0,792834.0,-1.0,936.0
Sudan,Africa,61376,-1.0,3901.0,40329.0,17146.0,-1.0,1348.0,86.0,562941.0,12361.0,45542220.0,-1.0,376.0
Brunei,Asia,59447,3962.0,121.0,31022.0,28304.0,-1.0,133766.0,272.0,712994.0,1604354.0,444412.0,8915.0,63689.0
Mauritania,Africa,58632,3.0,979.0,57602.0,51.0,30.0,12085.0,202.0,743798.0,153306.0,4851716.0,0.6,11.0
Belize,NorthAmerica,56597,-1.0,650.0,54453.0,1494.0,6.0,138187.0,1587.0,499451.0,1219458.0,409568.0,-1.0,3648.0
CaboVerde,Africa,55882,1.0,401.0,55409.0,72.0,23.0,98735.0,709.0,400982.0,708474.0,565980.0,2.0,127.0
Barbados,NorthAmerica,55031,129.0,315.0,52253.0,2463.0,-1.0,191108.0,1094.0,584756.0,2030706.0,287957.0,448.0,8553.0
Syria,Asia,54480,100.0,3071.0,46933.0,4476.0,-1.0,2993.0,169.0,146269.0,8035.0,18203608.0,5.0,246.0
NewCaledonia,Australia/Oceania,53007,-1.0,299.0,42318.0,10390.0,35.0,182758.0,1031.0,98964.0,341208.0,290040.0,-1.0,35823.0
ChannelIslands,Europe,50384,-1.0,143.0,47633.0,2608.0,-1.0,285437.0,810.0,1207943.0,6843288.0,176515.0,-1.0,14775.0
Gabon,Africa,47534,14.0,303.0,46155.0,1076.0,1.0,20555.0,131.0,1569625.0,678734.0,2312576.0,6.0,465.0
PapuaNewGuinea,Australia/Oceania,41038,-1.0,638.0,38856.0,1544.0,7.0,4447.0,69.0,249149.0,27001.0,9227358.0,-1.0,167.0
Seychelles,Africa,39181,-1.0,160.0,38481.0,540.0,-1.0,394354.0,1610.0,-1.0,-1.0,99355.0,-1.0,5435.0
Curaçao,NorthAmerica,38933,18.0,261.0,38352.0,320.0,3.0,235666.0,1580.0,492011.0,2978203.0,165204.0,109.0,1937.0
Burundi,Africa,38063,-1.0,38.0,773.0,37252.0,-1.0,3051.0,3.0,345742.0,27712.0,12476142.0,-1.0,2986.0
Andorra,Europe,37999,-1.0,151.0,37135.0,713.0,14.0,490500.0,1949.0,249838.0,3224965.0,77470.0,-1.0,9204.0
Togo,Africa,36798,-1.0,272.0,36410.0,116.0,-1.0,4279.0,32.0,689248.0,80149.0,8599568.0,-1.0,13.0
Mayotte,Africa,36662,-1.0,187.0,2964.0,33511.0,-1.0,129229.0,659.0,176919.0,623615.0,283699.0,-1.0,118122.0
Guinea,Africa,36393,-1.0,440.0,32939.0,3014.0,49.0,2652.0,32.0,587607.0,42823.0,13721693.0,-1.0,220.0
FaeroeIslands,Europe,34237,2193.0,28.0,7693.0,26516.0,5.0,696299.0,569.0,778000.0,15822656.0,49170.0,44600.0,539272.0
Aruba,NorthAmerica,33676,-1.0,211.0,33406.0,59.0,6.0,313218.0,1962.0,177885.0,1654498.0,107516.0,-1.0,549.0
Tanzania,Africa,33620,-1.0,798.0,-1.0,-1.0,7.0,538.0,13.0,-1.0,-1.0,62546742.0,-1.0,522.0
Bahamas,NorthAmerica,33129,21.0,771.0,26221.0,6137.0,9.0,82934.0,1930.0,220066.0,550905.0,399463.0,53.0,15363.0
Lesotho,Africa,32612,-1.0,696.0,23343.0,8573.0,-1.0,15026.0,321.0,398053.0,183404.0,2170356.0,-1.0,3950.0
Mauritius,Africa,30858,-1.0,786.0,27008.0,3064.0,-1.0,24197.0,616.0,358675.0,281256.0,1275261.0,-1.0,2403.0
Mali,Africa,30378,7.0,722.0,29470.0,186.0,-1.0,1432.0,34.0,620934.0,29269.0,21215000.0,0.3,9.0
Haiti,NorthAmerica,30342,2.0,820.0,25210.0,4312.0,-1.0,2608.0,70.0,132422.0,11384.0,11632543.0,0.2,371.0
Benin,Africa,26567,-1.0,163.0,25506.0,898.0,5.0,2100.0,13.0,604310.0,47778.0,12648180.0,-1.0,71.0
Somalia,Africa,26313,-1.0,1348.0,13182.0,11783.0,-1.0,1583.0,81.0,400466.0,24086.0,16626216.0,-1.0,709.0
Congo,Africa,23967,-1.0,378.0,20178.0,3411.0,-1.0,4174.0,66.0,347815.0,60567.0,5742662.0,-1.0,594.0
Timor-Leste,Asia,22668,19.0,128.0,22008.0,532.0,9.0,16668.0,94.0,248770.0,182922.0,1359981.0,14.0,391.0
SaintLucia,NorthAmerica,22667,18.0,358.0,22092.0,217.0,4.0,122514.0,1935.0,135214.0,730823.0,185016.0,97.0,1173.0
IsleofMan,Europe,22660,-1.0,79.0,22227.0,354.0,-1.0,264170.0,921.0,150753.0,1757479.0,85778.0,-1.0,4127.0
BurkinaFaso,Africa,20751,-1.0,375.0,20309.0,67.0,-1.0,950.0,17.0,248995.0,11395.0,21850832.0,-1.0,3.0
Taiwan,Asia,20433,60.0,853.0,18338.0,1242.0,-1.0,855.0,36.0,11566532.0,484196.0,23888131.0,3.0,52.0
CaymanIslands,NorthAmerica,19373,-1.0,17.0,8553.0,10803.0,2.0,289154.0,254.0,222773.0,3325020.0,66999.0,-1.0,161241.0
Nicaragua,NorthAmerica,18004,-1.0,220.0,4225.0,13559.0,-1.0,2665.0,33.0,-1.0,-1.0,6754976.0,-1.0,2007.0
Tajikistan,Asia,17388,-1.0,124.0,17263.0,1.0,-1.0,1758.0,13.0,-1.0,-1.0,9891902.0,-1.0,0.1
SouthSudan,Africa,16955,-1.0,137.0,13250.0,3568.0,1.0,1486.0,12.0,338083.0,29628.0,11410893.0,-1.0,313.0
EquatorialGuinea,Africa,15877,-1.0,182.0,15653.0,42.0,5.0,10734.0,123.0,273437.0,184860.0,1479157.0,-1.0,28.0
Djibouti,Africa,15547,-1.0,189.0,15352.0,6.0,-1.0,15366.0,187.0,284842.0,281528.0,1011772.0,-1.0,6.0
Gibraltar,Europe,15313,-1.0,101.0,14599.0,613.0,10.0,454743.0,2999.0,513118.0,15237810.0,33674.0,-1.0,18204.0
SanMarino,Europe,14207,-1.0,112.0,13703.0,392.0,4.0,417252.0,3289.0,134668.0,3955123.0,34049.0,-1.0,11513.0
CAR,Africa,14187,-1.0,113.0,6859.0,7215.0,2.0,2855.0,23.0,81294.0,16361.0,4968679.0,-1.0,1452.0
Grenada,NorthAmerica,13679,18.0,216.0,13258.0,205.0,4.0,120641.0,1905.0,136411.0,1203067.0,113386.0,159.0,1808.0
Bhutan,Asia,12194,374.0,6.0,7910.0,4278.0,-1.0,15521.0,8.0,1975337.0,2514213.0,785668.0,476.0,5445.0
Gambia,Africa,11924,-1.0,365.0,11461.0,98.0,4.0,4715.0,144.0,135608.0,53623.0,2528901.0,-1.0,39.0
Liechtenstein,Europe,11908,156.0,78.0,11187.0,643.0,7.0,310841.0,2036.0,80413.0,2099063.0,38309.0,4072.0,16785.0
Yemen,Asia,11769,9.0,2134.0,8689.0,946.0,23.0,381.0,69.0,265253.0,8581.0,30912295.0,0.3,31.0
Greenland,NorthAmerica,11715,-1.0,16.0,2761.0,8938.0,9.0,205768.0,281.0,164926.0,2896844.0,56933.0,-1.0,156992.0
Bermuda,NorthAmerica,11490,-1.0,123.0,11150.0,217.0,-1.0,185631.0,1987.0,795082.0,12845243.0,61897.0,-1.0,3506.0
Dominica,NorthAmerica,11016,-1.0,57.0,10563.0,396.0,-1.0,152403.0,789.0,165338.0,2287402.0,72282.0,-1.0,5479.0
SaintMartin,NorthAmerica,9877,-1.0,63.0,1399.0,8415.0,7.0,248434.0,1585.0,78366.0,1971125.0,39757.0,-1.0,211661.0
Eritrea,Africa,9700,-1.0,103.0,9593.0,4.0,-1.0,2674.0,28.0,23693.0,6531.0,3627634.0,-1.0,1.0
SintMaarten,NorthAmerica,9548,-1.0,85.0,9420.0,43.0,10.0,218585.0,1946.0,62056.0,1420663.0,43681.0,-1.0,984.0
Monaco,Europe,9377,2.0,51.0,9140.0,186.0,4.0,236185.0,1285.0,54960.0,1384313.0,39702.0,50.0,4685.0
Niger,Africa,8751,5.0,307.0,8432.0,12.0,1.0,341.0,12.0,228471.0,8906.0,25654408.0,0.2,0.5
Comoros,Africa,8033,1.0,160.0,7855.0,18.0,-1.0,8923.0,178.0,-1.0,-1.0,900236.0,1.0,20.0
Guinea-Bissau,Africa,8001,16.0,167.0,6978.0,856.0,6.0,3913.0,82.0,123632.0,60458.0,2044914.0,8.0,419.0
SierraLeone,Africa,7665,-1.0,125.0,-1.0,-1.0,-1.0,930.0,15.0,259958.0,31528.0,8245280.0,-1.0,331.0
CaribbeanNetherlands,NorthAmerica,7564,-1.0,31.0,7444.0,89.0,-1.0,284083.0,1164.0,30126.0,1131450.0,26626.0,-1.0,3343.0
AntiguaandBarbuda,NorthAmerica,7437,-1.0,135.0,7253.0,49.0,1.0,74916.0,1360.0,18901.0,190398.0,99271.0,-1.0,494.0
Liberia,Africa,7360,-1.0,290.0,5747.0,1323.0,2.0,1401.0,55.0,139824.0,26612.0,5254248.0,-1.0,252.0
Chad,Africa,7246,-1.0,190.0,4874.0,2182.0,-1.0,421.0,11.0,191341.0,11121.0,17204990.0,-1.0,127.0
SolomonIslands,Australia/Oceania,6937,124.0,96.0,1732.0,5109.0,4.0,9706.0,134.0,5117.0,7159.0,714735.0,173.0,7148.0
St.VincentGrenadines,NorthAmerica,6739,-1.0,106.0,6591.0,42.0,-1.0,60427.0,950.0,98160.0,880177.0,111523.0,-1.0,377.0
BritishVirginIslands,NorthAmerica,6074,-1.0,62.0,-1.0,-1.0,6.0,198731.0,2029.0,99936.0,3269729.0,30564.0,-1.0,3043.0
SaoTomeandPrincipe,Africa,5934,1.0,72.0,5852.0,10.0,-1.0,26269.0,319.0,29036.0,128540.0,225891.0,4.0,44.0
TurksandCaicos,NorthAmerica,5867,7.0,36.0,5787.0,44.0,4.0,148216.0,909.0,419792.0,10605093.0,39584.0,177.0,1112.0
SaintKittsandNevis,NorthAmerica,5530,-1.0,42.0,5480.0,8.0,1.0,102746.0,780.0,65141.0,1210304.0,53822.0,-1.0,149.0
St.Barth,NorthAmerica,3758,-1.0,6.0,-1.0,-1.0,-1.0,378564.0,604.0,56491.0,5690642.0,9927.0,-1.0,331419.0
Palau,Australia/Oceania,3726,-1.0,6.0,2942.0,778.0,10.0,204310.0,329.0,36384.0,1995065.0,18237.0,-1.0,42661.0
Kiribati,Australia/Oceania,2914,10.0,11.0,2051.0,852.0,4.0,23791.0,90.0,-1.0,-1.0,122481.0,82.0,6956.0
Anguilla,NorthAmerica,2528,-1.0,9.0,2506.0,13.0,4.0,166043.0,591.0,51382.0,3374844.0,15225.0,-1.0,854.0
SaintPierreMiquelon,NorthAmerica,1070,-1.0,1.0,1049.0,20.0,1.0,186184.0,174.0,17358.0,3020358.0,5747.0,-1.0,3480.0
WallisandFutuna,Australia/Oceania,454,-1.0,7.0,438.0,9.0,-1.0,41602.0,641.0,20508.0,1879227.0,10913.0,-1.0,825.0
Tonga,Australia/Oceania,355,-1.0,-1.0,177.0,178.0,-1.0,3297.0,-1.0,-1.0,-1.0,107677.0,-1.0,1653.0
Montserrat,NorthAmerica,163,-1.0,2.0,161.0,0.0,-1.0,32620.0,400.0,7796.0,1560136.0,4997.0,-1.0,-1.0
FalklandIslands,SouthAmerica,109,-1.0,-1.0,-1.0,-1.0,-1.0,29888.0,-1.0,8632.0,2366877.0,3647.0,-1.0,6581.0
Macao,Asia,81,1.0,-1.0,79.0,2.0,-1.0,122.0,-1.0,5318.0,8009.0,663981.0,2.0,3.0
Samoa,Australia/Oceania,33,-1.0,-1.0,3.0,30.0,-1.0,165.0,-1.0,-1.0,-1.0,200596.0,-1.0,150.0
VaticanCity,Europe,29,-1.0,-1.0,28.0,1.0,-1.0,36070.0,-1.0,-1.0,-1.0,804.0,-1.0,1244.0
CookIslands,Australia/Oceania,25,15.0,-1.0,4.0,21.0,-1.0,1421.0,-1.0,1309.0,74413.0,17591.0,853.0,1194.0
Vanuatu,Australia/Oceania,18,-1.0,1.0,6.0,11.0,-1.0,56.0,3.0,23000.0,72097.0,319013.0,-1.0,34.0
WesternSahara,Africa,10,-1.0,1.0,8.0,1.0,-1.0,16.0,2.0,-1.0,-1.0,621622.0,-1.0,2.0
MarshallIslands,Australia/Oceania,7,-1.0,-1.0,7.0,0.0,-1.0,117.0,-1.0,-1.0,-1.0,59851.0,-1.0,-1.0
SaintHelena,Africa,2,-1.0,-1.0,2.0,0.0,-1.0,327.0,-1.0,-1.0,-1.0,6107.0,-1.0,-1.0
Micronesia,Australia/Oceania,1,-1.0,-1.0,1.0,0.0,-1.0,9.0,-1.0,-1.0,-1.0,117018.0,-1.0,-1.0
